{
    "uid": "u01",
    "type": "agent",
    "Extraversion": 55.0,
    "Agreeableness": 97.77777777777779,
    "Conscientiousness": 95.55555555555556,
    "Neuroticism": 60.0,
    "Openness": 98.0
}