{
    "uid": "u01",
    "type": "llm",
    "Extraversion": 77.5,
    "Agreeableness": 95.55555555555556,
    "Conscientiousness": 95.55555555555556,
    "Neuroticism": 55.0,
    "Openness": 98.0
}