{
    "uid": "u01",
    "type": "agent",
    "Extraversion": 77.5,
    "Agreeableness": 97.77777777777779,
    "Conscientiousness": 97.77777777777779,
    "Neuroticism": 55.0,
    "Openness": 98.0
}