{
    "uid": "u01",
    "type": "llm",
    "Extraversion": 80.0,
    "Agreeableness": 97.77777777777779,
    "Conscientiousness": 97.77777777777779,
    "Neuroticism": 52.5,
    "Openness": 100.0
}