{
    "uid": "u01",
    "type": "agent",
    "Extraversion": 75.0,
    "Agreeableness": 93.33333333333334,
    "Conscientiousness": 97.77777777777779,
    "Neuroticism": 47.5,
    "Openness": 98.0
}