{
    "uid": "u02",
    "type": "agent",
    "Extraversion": 40.0,
    "Agreeableness": 77.77777777777777,
    "Conscientiousness": 86.66666666666666,
    "Neuroticism": 95.0,
    "Openness": 76.0
}